<application>
  <component name="LocalDatabaseDriverManager" version="201">
    <driver id="hive">
      <artifact id="Hive" name="Hive" use="true" version="3.1.2" />
    </driver>
    <driver id="sqlserver.ms">
      <artifact id="SQL Server" name="SQL Server" use="true" version="12.2.0" />
    </driver>
    <driver id="oracle.19">
      <artifact id="Oracle" name="Oracle" use="true" version="21.5.0.0" />
    </driver>
    <driver id="java.sql.Driver" name="Data.World" driver-class="world.data.jdbc.Driver">
      <library>
        <url>file://$USER_HOME$/dw-jdbc-0.4.4-shaded.jar</url>
      </library>
    </driver>
  </component>
</application>